{
  "namespace":"acf\/v3",
"routes":{"\/acf\/v3":{"namespace":"acf\/v3",
"methods":["GET"],
"endpoints":[{"methods":["GET"],
"args":{"namespace":{"default":"acf\/v3",
"required":false},
"context":{"default":"view",
"required":false}}}],
"_links":{"self":[{"href":"https:\/\/www.innovationcharter.org\/wp-json\/acf\/v3"}]}},
"\/acf\/v3\/posts\/(?P<id>[\\d]+)\/?(?P<field>[\\w\\-\\_]+)?":{"namespace":"acf\/v3",
"methods":["GET",
"POST",
"PUT",
"PATCH"],
"endpoints":[{"methods":["GET"],
"args":[]},
{"methods":["POST",
"PUT",
"PATCH"],
"args":[]}]},
"\/acf\/v3\/posts":{"namespace":"acf\/v3",
"methods":["GET"],
"endpoints":[{"methods":["GET"],
"args":[]}],
"_links":{"self":[{"href":"https:\/\/www.innovationcharter.org\/wp-json\/acf\/v3\/posts"}]}},
"\/acf\/v3\/pages\/(?P<id>[\\d]+)\/?(?P<field>[\\w\\-\\_]+)?":{"namespace":"acf\/v3",
"methods":["GET",
"POST",
"PUT",
"PATCH"],
"endpoints":[{"methods":["GET"],
"args":[]},
{"methods":["POST",
"PUT",
"PATCH"],
"args":[]}]},
"\/acf\/v3\/pages":{"namespace":"acf\/v3",
"methods":["GET"],
"endpoints":[{"methods":["GET"],
"args":[]}],
"_links":{"self":[{"href":"https:\/\/www.innovationcharter.org\/wp-json\/acf\/v3\/pages"}]}},
"\/acf\/v3\/media\/(?P<id>[\\d]+)\/?(?P<field>[\\w\\-\\_]+)?":{"namespace":"acf\/v3",
"methods":["GET",
"POST",
"PUT",
"PATCH"],
"endpoints":[{"methods":["GET"],
"args":[]},
{"methods":["POST",
"PUT",
"PATCH"],
"args":[]}]},
"\/acf\/v3\/media":{"namespace":"acf\/v3",
"methods":["GET"],
"endpoints":[{"methods":["GET"],
"args":[]}],
"_links":{"self":[{"href":"https:\/\/www.innovationcharter.org\/wp-json\/acf\/v3\/media"}]}},
"\/acf\/v3\/menu-items\/(?P<id>[\\d]+)\/?(?P<field>[\\w\\-\\_]+)?":{"namespace":"acf\/v3",
"methods":["GET",
"POST",
"PUT",
"PATCH"],
"endpoints":[{"methods":["GET"],
"args":[]},
{"methods":["POST",
"PUT",
"PATCH"],
"args":[]}]},
"\/acf\/v3\/menu-items":{"namespace":"acf\/v3",
"methods":["GET"],
"endpoints":[{"methods":["GET"],
"args":[]}],
"_links":{"self":[{"href":"https:\/\/www.innovationcharter.org\/wp-json\/acf\/v3\/menu-items"}]}},
"\/acf\/v3\/blocks\/(?P<id>[\\d]+)\/?(?P<field>[\\w\\-\\_]+)?":{"namespace":"acf\/v3",
"methods":["GET",
"POST",
"PUT",
"PATCH"],
"endpoints":[{"methods":["GET"],
"args":[]},
{"methods":["POST",
"PUT",
"PATCH"],
"args":[]}]},
"\/acf\/v3\/blocks":{"namespace":"acf\/v3",
"methods":["GET"],
"endpoints":[{"methods":["GET"],
"args":[]}],
"_links":{"self":[{"href":"https:\/\/www.innovationcharter.org\/wp-json\/acf\/v3\/blocks"}]}},
"\/acf\/v3\/templates\/(?P<id>[\\d]+)\/?(?P<field>[\\w\\-\\_]+)?":{"namespace":"acf\/v3",
"methods":["GET",
"POST",
"PUT",
"PATCH"],
"endpoints":[{"methods":["GET"],
"args":[]},
{"methods":["POST",
"PUT",
"PATCH"],
"args":[]}]},
"\/acf\/v3\/templates":{"namespace":"acf\/v3",
"methods":["GET"],
"endpoints":[{"methods":["GET"],
"args":[]}],
"_links":{"self":[{"href":"https:\/\/www.innovationcharter.org\/wp-json\/acf\/v3\/templates"}]}},
"\/acf\/v3\/template-parts\/(?P<id>[\\d]+)\/?(?P<field>[\\w\\-\\_]+)?":{"namespace":"acf\/v3",
"methods":["GET",
"POST",
"PUT",
"PATCH"],
"endpoints":[{"methods":["GET"],
"args":[]},
{"methods":["POST",
"PUT",
"PATCH"],
"args":[]}]},
"\/acf\/v3\/template-parts":{"namespace":"acf\/v3",
"methods":["GET"],
"endpoints":[{"methods":["GET"],
"args":[]}],
"_links":{"self":[{"href":"https:\/\/www.innovationcharter.org\/wp-json\/acf\/v3\/template-parts"}]}},
"\/acf\/v3\/navigation\/(?P<id>[\\d]+)\/?(?P<field>[\\w\\-\\_]+)?":{"namespace":"acf\/v3",
"methods":["GET",
"POST",
"PUT",
"PATCH"],
"endpoints":[{"methods":["GET"],
"args":[]},
{"methods":["POST",
"PUT",
"PATCH"],
"args":[]}]},
"\/acf\/v3\/navigation":{"namespace":"acf\/v3",
"methods":["GET"],
"endpoints":[{"methods":["GET"],
"args":[]}],
"_links":{"self":[{"href":"https:\/\/www.innovationcharter.org\/wp-json\/acf\/v3\/navigation"}]}},
"\/acf\/v3\/categories\/(?P<id>[\\d]+)\/?(?P<field>[\\w\\-\\_]+)?":{"namespace":"acf\/v3",
"methods":["GET",
"POST",
"PUT",
"PATCH"],
"endpoints":[{"methods":["GET"],
"args":[]},
{"methods":["POST",
"PUT",
"PATCH"],
"args":[]}]},
"\/acf\/v3\/categories":{"namespace":"acf\/v3",
"methods":["GET"],
"endpoints":[{"methods":["GET"],
"args":[]}],
"_links":{"self":[{"href":"https:\/\/www.innovationcharter.org\/wp-json\/acf\/v3\/categories"}]}},
"\/acf\/v3\/tags\/(?P<id>[\\d]+)\/?(?P<field>[\\w\\-\\_]+)?":{"namespace":"acf\/v3",
"methods":["GET",
"POST",
"PUT",
"PATCH"],
"endpoints":[{"methods":["GET"],
"args":[]},
{"methods":["POST",
"PUT",
"PATCH"],
"args":[]}]},
"\/acf\/v3\/tags":{"namespace":"acf\/v3",
"methods":["GET"],
"endpoints":[{"methods":["GET"],
"args":[]}],
"_links":{"self":[{"href":"https:\/\/www.innovationcharter.org\/wp-json\/acf\/v3\/tags"}]}},
"\/acf\/v3\/menus\/(?P<id>[\\d]+)\/?(?P<field>[\\w\\-\\_]+)?":{"namespace":"acf\/v3",
"methods":["GET",
"POST",
"PUT",
"PATCH"],
"endpoints":[{"methods":["GET"],
"args":[]},
{"methods":["POST",
"PUT",
"PATCH"],
"args":[]}]},
"\/acf\/v3\/menus":{"namespace":"acf\/v3",
"methods":["GET"],
"endpoints":[{"methods":["GET"],
"args":[]}],
"_links":{"self":[{"href":"https:\/\/www.innovationcharter.org\/wp-json\/acf\/v3\/menus"}]}},
"\/acf\/v3\/comments\/(?P<id>[\\d]+)\/?(?P<field>[\\w\\-\\_]+)?":{"namespace":"acf\/v3",
"methods":["GET",
"POST",
"PUT",
"PATCH"],
"endpoints":[{"methods":["GET"],
"args":[]},
{"methods":["POST",
"PUT",
"PATCH"],
"args":[]}]},
"\/acf\/v3\/comments":{"namespace":"acf\/v3",
"methods":["GET"],
"endpoints":[{"methods":["GET"],
"args":[]}],
"_links":{"self":[{"href":"https:\/\/www.innovationcharter.org\/wp-json\/acf\/v3\/comments"}]}},
"\/acf\/v3\/options\/(?P<id>[\\w\\-\\_]+)\/?(?P<field>[\\w\\-\\_]+)?":{"namespace":"acf\/v3",
"methods":["GET",
"POST",
"PUT",
"PATCH"],
"endpoints":[{"methods":["GET"],
"args":[]},
{"methods":["POST",
"PUT",
"PATCH"],
"args":[]}]},
"\/acf\/v3\/users\/(?P<id>[\\d]+)\/?(?P<field>[\\w\\-\\_]+)?":{"namespace":"acf\/v3",
"methods":["GET",
"POST",
"PUT",
"PATCH"],
"endpoints":[{"methods":["GET"],
"args":[]},
{"methods":["POST",
"PUT",
"PATCH"],
"args":[]}]},
"\/acf\/v3\/users":{"namespace":"acf\/v3",
"methods":["GET"],
"endpoints":[{"methods":["GET"],
"args":[]}],
"_links":{"self":[{"href":"https:\/\/www.innovationcharter.org\/wp-json\/acf\/v3\/users"}]}}},
"_links":{"up":[{"href":"https:\/\/www.innovationcharter.org\/wp-json\/"}]}}